Town Center_3b2b,3,2,879,"Air Conditioner, Carpeting, Dishwasher, Refrigerator, W/D Hookup, Washer and Dryer Connections, Brand New Apartments! Available Now!, Self-Service Laundry, Business Center, Clubhouse, Fitness Center, Swimming Pool, Playground, High Speed Internet, Washer/Dryer Hookup, A/C, Heating, Smoke Free, Wired for Cable, Storage Units, Bathtub/Shower, Sprinkler System, Dishwasher, Garbage Disposal, Pantry, Kitchen, Microwave, Oven, Stove, Refrigerator, Freezer, Carpeting, Vinyl Flooring, Dining Area, Family Room, Linen Closet, Balcony, Patio"
Nantucket Cove_4b3b,4,3,1189,"24/7 Video Surveillance of Clubhouse, Automatic Fire Suppression Systems, Community Stainless Steel Grills, Free Computer Access in Wifi Cafe, Full Sized Garages Available, Indoor Basketball Court, Monthly Resident Events, Pet Stations for Convenience, Pool View Units Available for Summer, Resort Style Landscaping, Resort Style Swimming Pool, Sand Volleyball Court, Trash Compactors on Site, Yogo/Fitness Studio, Package Service, Pool/Clubhouse Wi-Fi, Controlled Access, On-Site Maintenance, On-Site Property Manager, Courtesy Patrol, Video Patrol, Available 24/7, Curbside Trash Pickup, Recycling Program, Online Services, Social Events, Pet Park, Car Care Center, Business Center, Clubhouse, Lounge, Flex Space, Complimentary Breakfast, Café, Meeting Center, Gated, Yard with Fence, Cabana, Courtyard, BBQ Grill, Picnic Area, Fitness Center, Cardio Machines, Free Weight Equipment, Weightlifting Equipment, Swimming Pool, Basketball Court, Tennis Court, Volleyball Court, Athletic Court, Theater/Media Center, High Speed Internet, Wi-Fi, Washer/Dryer, A/C, Heating, Smoke Free, Wired for Cable, Wheelchair Accessible, Dishwasher, Garbage Disposal, Ice Machine, Kitchen, Walk-In Closets, Balcony"
The Legends Apartments_3b2b,3,2,1250,"9 Foot Ceilings, Beautifully Appointed Clubhouse, Bike Maintenance Room, Bocce Ball Court and Viewing Area, Conference Room with Wifi, Dog Washing Station, Dual Flush Toilets, Fitness Center with Fitness-On-Demand, Free Golf at The Legends Golf Course, Free internet, Game Room, Pool Tables, Gathering/Party Rooms, Gift Wrapping Room, Golf free for one year, Granite countertops, Hammock Oasis, Indoor Golf Simulator and Lounge, Keyless Lock System, Leash-Free Dog Park with Walking Path, Outdoor Living Room, Oversized Fire Pits and Gazebo, Pond with Pier/Dock, Resort-Style Swimming Pool, Responsive, On-Site Management, Stainless Steel Appliances, Sun Deck with Luxury Cabanas, Walk In Closet, Walking/Jogging Path, Yoga/Spin Room, Front Door Trash Pickup, Clubhouse, High Speed Internet, Washer/Dryer, A/C, Heating, Ceiling Fans, Smoke Free, Storage Units, Fireplace, Wheelchair Accessible, Dishwasher, Granite Counters, Stainless Steel Appliances, Kitchen, Microwave, Oven, Stove, Refrigerator, Ceramic Tile Flooring, Room with Views, Walk-In Closets, Balcony, Patio, Lawn"
Westgate Apartments_2b1b,2,1,730,"All apartments cable ready, Ceiling Fans, Communitywide online postings, Free, Off-Street Parking, Frost-Free Refrigerators, Full-Size Dishwashers, Largest 2BR Apartments Have Central Air and Heat, Many Upgraded Vanities, Many Wood Floor Kitchens, Online work order request, Picnic and BBQ Grilling Areas, Refrigerators, Short Term Leases Available, Small Pets Welcome, Upgraded Cabinets, Self-Service Laundry, On-Site Maintenance, Gated, Fitness Center, Swimming Pool, High Speed Internet, Stove, Carpeting"
Baytowne Apartments_2b2.5b,2,2.5,1775,"Balcony with Lockable Storage Area, Bike Racks, Communitywide online postings, Credit card online payments, Dishwasher in every unit, Fireplace Available, Free Refuse Removal, Friendly, On-Site Staff, Frost-Free Refrigerator W/Icemaker, Full Maintenance and Grounds Staff, Gardens, Huge Walk-In Closets, Laundry Hookups In Each Apartment, Monthly Preventative Pest Control, One time online payments, Online work order request, Picnic and BBQ grilling areas, Private Bar and Grille, Reoccuring online payments, On-Site Maintenance, On-Site Property Manager, Clubhouse, Gated, Sundeck, BBQ Grill, Picnic Area, Fitness Center, Spa, Swimming Pool, Racquetball Court, Tennis Court, Volleyball Court, High Speed Internet, Washer/Dryer Hookup, Fireplace, Dishwasher, Ice Machine, Refrigerator, Walk-In Closets, Balcony"
Hunters Pond Apartment Homes_2b2b,2,2,915,"All Two Bedrooms Have Two Baths, Blinds included, Cable tv available, Central Air Conditioning, Dish Network Also Available, Dishwasher, Enclosed Private Storage Off The Balcony Or Patio, Expertly-Landscaped Grounds, Full-Size Washer and Dryer in Every Apartment, Garbage Disposal, Gas Range, Oversized living rm w/additional windows, Refrigerator, Second bath with shower, Third-floor cathedral ceiling, Third-Floor Cathedral Ceilng, Walk-in Closets with Wardrobe Organizers, Pool/Clubhouse Wi-Fi, On-Site Maintenance, Available 24/7, Recycling Program, Sundeck, Fitness Center, Cardio Machines, Weightlifting Equipment, High Speed Internet, Washer/Dryer, A/C, Wired for Cable, Satellite TV, Storage Units, Bathtub/Shower, Wheelchair Accessible, Dishwasher, Garbage Disposal, Dine-In Kitchen, Kitchen, Microwave, Stove, Refrigerator, Carpeting, Vinyl Flooring, Dining Area, Vaulted Ceiling, Walk-In Closets, Window Coverings, Balcony, Patio"
Ginger Creek_2b2b,2,2,1125,"Self-Service Laundry, Recycling Program, Washer/Dryer, Washer/Dryer Hookup, A/C, Heating, Smoke Free, Fireplace, Dishwasher, Garbage Disposal, Oven, Stove, Refrigerator, Skylight, Walk-In Closets, Accent Walls, Balcony"
Stonegate Village_2b1.5b,2,1.5,890,"Some furnished units available, Self-Service Laundry, Security System, Recycling Program, Gated, Swimming Pool, High Speed Internet, A/C, Heating, Ceiling Fans, Fireplace, Dishwasher, Garbage Disposal, Microwave, Stove, Balcony, Patio"
Stadium View Apartments_5b2b,5,2,425,"Self-Service Laundry, A/C, Heating, Wheelchair Accessible, Dishwasher, Kitchen, Microwave, Balcony"
Tuscany Ridge Townhome_3b3b,3,3,995,"24 Hour Emergency Maintenance, Finished Basement, Freeway Access (Near I-74), hardwood floors, Near Kraft Foods & The Virginia Theatre, Near Market Place Mall Shopping Center, Near Pond, Near University Of Illinois At Urbana-Champaign, Near Walking Trail, On Bus Line, Steps From Parkland College, On-Site Maintenance, On-Site Property Manager, Playground, High Speed Internet, Washer/Dryer, Washer/Dryer Hookup, A/C, Heating, Smoke Free, Wired for Cable, Bathtub/Shower, Dishwasher, Garbage Disposal, Pantry, Kitchen, Microwave, Oven, Stove, Refrigerator, Wood Flooring, Carpeting, Family Room, Basement, Room with Views, Linen Closet, Window Coverings, Balcony"
Castle on Locust- INDIVIDUAL LEASES AVAILABLE_4b2b,4,2,499,"High Speed Internet, Washer/Dryer, A/C, Heating, Smoke Free, Wired for Cable, Bathtub/Shower, Banisters, Wheelchair Accessible, Dishwasher, Garbage Disposal, Kitchen, Microwave, Oven, Stove, Refrigerator, Carpeting, Balcony"
Maywood Apartments_4b2b,4,2,725,"24-7 Emergency maintenance, 9 foot ceilings, Bag toss game in courtyard., Premium extended cable TV included, Propane BBQ grilles, Roof top terrace, Window blinds, Community Wi-Fi Available, Controlled Access, On-Site Maintenance, On-Site Property Manager, Furnished Apartments, Housekeeping, Elevator, Lounge, Café, Courtyard, Fitness Center, Cardio Machines, Free Weight Equipment, Washer/Dryer, A/C, Heating, Ceiling Fans, Smoke Free, Wired for Cable, Alarm System, Dishwasher, Garbage Disposal, Ice Machine, Granite Counters, Stainless Steel Appliances, Kitchen with Island, Dine-In Kitchen, Kitchen, Microwave, Oven, Stove, Refrigerator, Freezer, Wood Flooring, Vinyl Flooring, Window Coverings, Balcony, BBQ Area"
Midtown Lofts_4b3b,4,3,599,"Grand Balconies, Furnished Apartments, Elevator, Cabana, Spa, High Speed Internet, Washer/Dryer, Washer/Dryer Hookup, A/C, Heating, Smoke Free, Bathtub/Shower, Wheelchair Accessible, Dishwasher, Dine-In Kitchen, Kitchen, Microwave, Oven, Refrigerator, Freezer, Carpeting, Balcony"
Midtown Plaza - BRAND NEW_2b2b,2,2,1950,"9-10 Foot Ceilings, Quartz Countertops, Controlled Access, Video Patrol, On-Site Shopping, Elevator, Trash Chutes, Rooftop Access, High Speed Internet, Washer/Dryer, A/C, Heating, Smoke Free, Wired for Cable, Bathtub/Shower, Sprinkler System, Wheelchair Accessible, Dishwasher, Garbage Disposal, Stainless Steel Appliances, Kitchen with Island, Dine-In Kitchen, Kitchen, Microwave, Oven, Stove, Refrigerator, Freezer, Wood Flooring, Carpeting, Family Room, Room with Views, Furnished, Energy-Efficient Windows, Balcony, BBQ Area"
South West Apartments - ONE MONTH FREE RENT_2b1b,2,1,650,"Wood Deck, Self-Service Laundry, Available 24/7, Complimentary Breakfast, High Speed Internet, Washer/Dryer Hookup, A/C, Smoke Free, Fireplace, Dishwasher, Oven, Stove, Refrigerator, Balcony, Patio"
Windcrest Apartments_2b1b,2,1,525,"24 hour emergency maintenance, Rental requirements: 3x -monthly rent, Self-Service Laundry, On-Site Maintenance, On-Site Property Manager, Recycling Program, A/C, Heating, Wired for Cable, Bathtub/Shower, Kitchen with Island, Kitchen, Oven, Stove, Refrigerator, Freezer, Carpeting, Bay Window, Walk-In Closets, Loft-Style Apartment, Window Coverings, Balcony, Deck, BBQ Area"
212 East_4b2b,4,2,850,"50” TVs in every unit, Epic Outdoor Courtyard, Full-size, in-unit washers + dryers, Fully Furnished units, Gigabit internet, Open community relaxation lounge, Shared and private study rooms/lounges, State of the art workout facility, Business Center, Clubhouse, Lounge, Courtyard, Picnic Area, Fitness Center, Washer/Dryer, A/C, Dishwasher, Garbage Disposal, Stainless Steel Appliances, Microwave, Oven, Stove, Wood Flooring"
Fields South_2b1b,2,1,1500,"Brand New In August 2018, Brand New In August 2018!, Fitness Center, Swimming Pool, Volleyball Court, High Speed Internet, Wi-Fi, Washer/Dryer, A/C, Heating, Ceiling Fans, Smoke Free, Wired for Cable, Bathtub/Shower, Dishwasher, Garbage Disposal, Ice Machine, Granite Counters, Stainless Steel Appliances, Kitchen with Island, Dine-In Kitchen, Kitchen, Microwave, Oven, Stove, Refrigerator, Freezer, Wood Flooring, Carpeting, Walk-In Closets, Balcony"
WatersEdge Apartments_3b2b,3,2,1140,"Clubroom w/Kitchen, Fireplace & Entertainment Center, Dishwasher, Disposal & W/D, Free Wi-Fi Access, Large Windows & Private Entryways, Washer/Dryer Rentals Available, Package Service, Self-Service Laundry, On-Site Property Manager, Available 24/7, Furnished Apartments, Recycling Program, Laundry Service, Social Events, Business Center, Clubhouse, Complimentary Breakfast, Extra Storage, Sundeck, BBQ Grill, Picnic Area, Waterfront, Access to Lake, Fitness Center, Sauna, Swimming Pool, Theater/Media Center, High Speed Internet, Wi-Fi, Washer/Dryer, Washer/Dryer Hookup, A/C, Heating, Smoke Free, Wired for Cable, Satellite TV, Storage Units, Bathtub/Shower, Fireplace, Wheelchair Accessible, Dishwasher, Garbage Disposal, Ice Machine, Kitchen, Oven, Stove, Refrigerator, Ceramic Tile Flooring, Decorative Crown Molding, Vaulted Ceiling, Room with Views, Walk-In Closets, Balcony, Patio"
Furnished Studio – Champaign - Urbana_1b1b,1,1,1049,"Breakfast/Coffee Concierge, Clean, modern lighting, Dining and cooking utensils provided, Updated bathrooms, Upgraded bedding with extra pillows, Community Wi-Fi Available, Self-Service Laundry, Furnished Apartments, A/C, Kitchen"
Colonial Village_3b1.5b,3,1.5,905,"Front Door Trash Pickup, Recycling Program, High Speed Internet, Washer/Dryer, Washer/Dryer Hookup, A/C, Heating, Ceiling Fans, Smoke Free, Kitchen, Oven, Stove, Refrigerator, Wood Flooring, Walk-In Closets, Patio, Deck"
Westwood Village_1b1b,1,1,685,"Washer/Dryer, A/C, Heating, Fireplace, Kitchen, Oven, Stove"
Continental Plaza_3b1.5b,3,1.5,735,"Self-Service Laundry, Recycling Program, High Speed Internet, A/C, Heating, Ceiling Fans, Smoke Free, Garbage Disposal, Kitchen, Oven, Stove, Refrigerator, Walk-In Closets, Balcony, Patio"
Prestwick Point_2b2b,2,2,925,"On Bus Route, Controlled Access, Washer/Dryer, Washer/Dryer Hookup, A/C, Heating, Dishwasher, Garbage Disposal, Kitchen, Microwave, Oven, Stove, Refrigerator, Balcony, Patio, Lawn"
205 E Healey St_1b1b,1,1,630,"Self-Service Laundry, Controlled Access, Furnished Apartments, A/C, Wired for Cable, Oven, Stove, Refrigerator, Carpeting, Vinyl Flooring, Furnished"
706 S Locust St_2b1b,2,1,740,"Self-Service Laundry, Washer/Dryer, Garbage Disposal, Stove, Refrigerator, Wood Flooring"
Crowwood Point Apartments_2b2b,2,2,895,"Vaulted Ceiling, Walk-in Closet, Curbside Trash Pickup, Extra Storage, High Speed Internet, Washer/Dryer, Washer/Dryer Hookup, A/C, Heating, Smoke Free, Wired for Cable, Storage Units, Fireplace, Wheelchair Accessible, Dishwasher, Garbage Disposal, Ice Machine, Kitchen, Microwave, Oven, Refrigerator, Freezer, Wood Flooring, Carpeting, Ceramic Tile Flooring, Walk-In Closets, Linen Closet, Balcony"
Next Chapter -507 Second_4b4b,4,4,735,"10' x 18' Terrace on every unit, 42"" Television in every unit, 9' Ceilings, All maple cabinets, Available Private Baths, Double vanities in select units, Full size beds, Metered parking in from for your guests, Property faces Scott Park, Smooth cooktop, Two blocks from grocery store, Access Control, Access Controlled, Access Controlled Entry, Elevator, Fitness Center, Garage Parking, Giga-bit Internet, Utilities Included, Controlled Access, Furnished Apartments, Elevator, Fitness Center, High Speed Internet, Wi-Fi, Washer/Dryer, A/C, Heating, Ceiling Fans, Smoke Free, Wired for Cable, Double Vanities, Dishwasher, Garbage Disposal, Ice Machine, Pantry, Kitchen, Microwave, Oven, Stove, Refrigerator, Freezer, Carpeting, Vinyl Flooring, Family Room, Room with Views, Energy-Efficient Windows"
Next Chapter -75 Armory_4b2b,4,2,720,"42"" TV In All Units, Bike Racks, Double Vanity In Select Units, Efficient Appliances, Full Size Beds, Public Transportation, Walking Distance To Main Quad, Washer/Dryer In Unit, Access Controlled Entry, Cable/Internet Included, Garage Parking, Utilities Included, Controlled Access, Furnished Apartments, Recycling Program, Courtyard, BBQ Grill, Picnic Area, High Speed Internet, Wi-Fi, Washer/Dryer, A/C, Heating, Ceiling Fans, Smoke Free, Wired for Cable, Double Vanities, Bathtub/Shower, Dishwasher, Garbage Disposal, Ice Machine, Kitchen, Microwave, Oven, Stove, Refrigerator, Carpeting, Vinyl Flooring, Vaulted Ceiling, Room with Views, Walk-In Closets, Energy-Efficient Windows, Balcony"
Next Chapter -305 Daniel_4b3b,4,3,850,"60 in Tv included, Access Controlled, Balcony, Covered Parking, Elevator, Fully furnished, Giga-bit Internet, Wet Bar, Controlled Access, Furnished Apartments, High Speed Internet, Wi-Fi, Washer/Dryer, A/C, Heating, Ceiling Fans, Smoke Free, Wired for Cable, Double Vanities, Bathtub/Shower, Wheelchair Accessible, Dishwasher, Garbage Disposal, Ice Machine, Kitchen, Microwave, Oven, Stove, Refrigerator, Freezer, Carpeting, Vinyl Flooring, Family Room, Walk-In Closets, Furnished, Energy-Efficient Windows, Window Coverings, Wet Bar, Balcony, Patio"
Next Chapter -217 South_2b2b,2,2,1980,"10' Ceilings & 8' Doors Throughout, Access Controlled Entry, Bike Racks, Covered Parking, Covered Parking Available, Hardwood-style Floors, Modern Hardware & Large Windows Througho, Outdoor Entertaining Space, Private Balconies On Every Unit, Quartz Countertops, Smooth Cooktop Range, Tile Kitchen Backsplash, Under Mount Kitchen Sink & Disposal, Wet Bars in Select Units, Elevator, Outdoor Patio, Outdoor Patio Area, Controlled Access, Washer/Dryer, A/C, Heating, Ceiling Fans, Smoke Free, Wired for Cable, Bathtub/Shower, Sprinkler System, Decorative Mirrors, Wheelchair Accessible, Dishwasher, Garbage Disposal, Ice Machine, Granite Counters, Stainless Steel Appliances, Kitchen, Microwave, Oven, Stove, Refrigerator, Wood Flooring, Room with Views, Walk-In Closets, Energy-Efficient Windows, Balcony, Patio"
Gentry Square Apartments_2b2.5b,2,2.5,1385,"24-hour Fitness Center, Beautiful Clubhouse with Free WiFi & Kitchen, Avai, Cable & Satellite TV Options, Cable and Satellite TV Options, Carport with Every Apartment Home, Certified Maintenance Professionals, Conveniently Situated in Southwest Champaign, Energy Efficient Doors & Pella Windows, Garbage Disposal & Icemaker Included, Generous Cabinet & Countertop Space, Granite Countertops, Jogging & Bike Trails, Lake Views Available, Leash-Free Dog Run, Lighted Tennis Court, Monthly Pest Control, On 10 Gold Public Bus Route to U of I Campus, Outside Storage Closet, Pets Allowed, Pets Allowed ( Contact Us for Details), Picnic Areas with Grills, Private Entrance, Private Patio or Balcony, Responsive, On-site Management, Site Sits on Eleven Beautifully Landscaped Acres, Site Sits on Eleven Beautifully Landscaped, Tree-L, Sparkling Swimming Pool with Sun Deck, Stainless Fridge, Range, DW, & Microwave, Stainless Steel Appliances Including Fridge, Stove, Tranquil Lake with Fountain, Valet Recycling, Vaulted Ceilings Available, Walk-in Closets, Washer/Dryer Set Included, Wood-burning Fireplaces in Townhomes, Pool/Clubhouse Wi-Fi, On-Site Property Manager, Recycling Program, Pet Park, Car Care Center, Flex Space, Café, BBQ Grill, Picnic Area, Waterfront, Pond, Multi-Use Trails, High Speed Internet, Washer/Dryer, A/C, Heating, Wired for Cable, Satellite TV, Storage Units, Fireplace, Dishwasher, Garbage Disposal, Ice Machine, Granite Counters, Stainless Steel Appliances, Kitchen, Microwave, Oven, Stove, Refrigerator, Carpeting, Vaulted Ceiling, Room with Views, Walk-In Closets, Balcony, Patio, Deck, Outdoor Grill"
Regency West_3b1b,3,1,700,"Washer/Dryer Rentals Available, Washer/Dryer Hookup, A/C, Alarm System, Bathtub/Shower, Kitchen, Oven, Stove, Refrigerator, Freezer, Carpeting, Vinyl Flooring, Furnished, Yard, Lawn"
The Courtyard on Randolph_3b1b,3,1,699,"Ceiling Fans in select units, Self-Service Laundry, Recycling Program, Courtyard, Swimming Pool, Bicycle Storage, High Speed Internet, Wi-Fi, A/C, Heating, Ceiling Fans, Wired for Cable, Bathtub/Shower, Dishwasher, Garbage Disposal, Pantry, Kitchen, Oven, Refrigerator, Carpeting, Vinyl Flooring, Dining Area, Linen Closet, Energy-Efficient Windows, Window Coverings, Balcony, Patio"
Parkland Point_4b4b,4,4,675,"Community Wi-Fi Available, Pool/Clubhouse Wi-Fi, Controlled Access, On-Site Maintenance, On-Site Property Manager, Available 24/7, Furnished Apartments, Recycling Program, Business Center, Clubhouse, Lounge, Café, Gated, BBQ Grill, Picnic Area, Swimming Pool, Theater/Media Center, High Speed Internet, Wi-Fi, Washer/Dryer, A/C, Heating, Ceiling Fans, Smoke Free, Wired for Cable, Bathtub/Shower, Wheelchair Accessible, Dishwasher, Garbage Disposal, Ice Machine, Granite Counters, Pantry, Kitchen, Microwave, Oven, Refrigerator, Carpeting, Vinyl Flooring, Furnished, Balcony, Patio"
Gramercy Park Apartments_2b1b,2,1,670,"Bark Park, BBQ Grill, Sundeck, Swimming Pool, Tanning Bed, Self-Service Laundry, On-Site Maintenance, Pet Care Center, Business Center, Clubhouse, Lounge, Fitness Center, Playground, Tennis Court, High Speed Internet, A/C, Heating, Ceiling Fans, Wired for Cable, Bathtub/Shower, Dishwasher, Kitchen, Stove, Wood Flooring, Carpeting, Ceramic Tile Flooring, Vinyl Flooring, Dining Area, Skylight, Walk-In Closets, Window Coverings"
Colony West_3b1.5b,3,1.5,1150,"Excellent Location, On Bus Line, swimming pool and tennis courts, tennis courts, Vaulted Ceilings Available in some, walking paths, Walking/Jogging Path throughout park area, Pool/Clubhouse Wi-Fi, On-Site Maintenance, Available 24/7, Curbside Trash Pickup, Front Door Trash Pickup, Clubhouse, Extra Storage, Sundeck, BBQ Grill, Waterfront, Pond, Swimming Pool, Playground, Bicycle Storage, Basketball Court, Tennis Court, Multi-Use Trails, High Speed Internet, Wi-Fi, Washer/Dryer, Washer/Dryer Hookup, A/C, Heating, Ceiling Fans, Wired for Cable, Satellite TV, Trash Compactor, Storage Units, Bathtub/Shower, Fireplace, Dishwasher, Garbage Disposal, Ice Machine, Granite Counters, Pantry, Dine-In Kitchen, Kitchen, Microwave, Oven, Stove, Refrigerator, Freezer, Carpeting, Ceramic Tile Flooring, Vinyl Flooring, Dining Area, Den, Vaulted Ceiling, Room with Views, Walk-In Closets, Linen Closet, Loft-Style Apartment, Energy-Efficient Windows, Window Coverings, Balcony, Patio, Porch, Deck, Yard, Lawn, Outdoor Grill"
Colony Court_3b1b,3,1,850,"Great Location, Close to Everything, Most units have Washer/Dryer provided., Newly Remodeled, On Bus Line, On-Site Maintenance, Available 24/7, High Speed Internet, Wi-Fi, Washer/Dryer, A/C, Heating, Ceiling Fans, Wired for Cable, Bathtub/Shower, Dishwasher, Garbage Disposal, Dine-In Kitchen, Kitchen, Oven, Stove, Refrigerator, Freezer, Carpeting, Vinyl Flooring, Linen Closet, Window Coverings, Patio, Deck, Outdoor Grill"
Flats on White_4b2b,4,2,425,"Self-Service Laundry, Fireplace, Dishwasher, Balcony, Patio"
905 Lofts_2b1b,2,1,525,"Self-Service Laundry, Furnished Apartments, Curbside Trash Pickup, Bicycle Storage, High Speed Internet, Washer/Dryer, A/C, Smoke Free, Wired for Cable, Bathtub/Shower, Dishwasher, Garbage Disposal, Stainless Steel Appliances, Dine-In Kitchen, Kitchen, Microwave, Oven, Stove, Refrigerator, Carpeting, Ceramic Tile Flooring, Vinyl Flooring, Vaulted Ceiling, Furnished, Window Coverings, Balcony, Patio, Porch, Deck"
Victoria Point_3b2b,3,2,1055,"Free High Speed Internet, Limited Access Building, Very Large 2 Bedrooms, Washer / Dryer in each Apartment, Fitness Plans, High Speed Internet, Washer/Dryer, A/C, Ceiling Fans, Smoke Free, Wheelchair Accessible, Dishwasher, Stainless Steel Appliances, Dine-In Kitchen, Microwave, Refrigerator, Vinyl Flooring, Vaulted Ceiling"
Smith Apartments @ 1004 South Locust_2b1b,2,1,465,"Handicap accessible, New washer/dryer in unit, Self-Service Laundry, Controlled Access, Video Patrol, Available 24/7, Furnished Apartments, Recycling Program, Courtyard, High Speed Internet, Washer/Dryer, A/C, Heating, Smoke Free, Wired for Cable, Bathtub/Shower, Intercom System, Wheelchair Accessible, Dishwasher, Garbage Disposal, Kitchen, Microwave, Oven, Stove, Refrigerator, Freezer, Carpeting, Furnished, Accent Walls, Balcony, Patio"
Windsor West Apartments_3b3b,3,3,1450,"Accepts Dogs (with no weight limit) and Cats, Cont, Ample Storage, Attached or Detached Garage or Carport Available, Beautiful Clubhouse With Free WiFi, Built-In Dinette, Certified Maintenance Professionals, Comcast, Direct TV, and AT&T (U-verse) are all ava, Comcast, Direct TV, and AT&T (U-verse) are all available for Cable/Internet options, Conveniently Situated In Southwest Champaign, Energy-Efficient Windows and Doors, Five Acre Lake, Full Size Washer and Dryer in Each Home, Gathering/Party Room, Geothermal Heating/Cooling, Island Counters, Lake View, Leash Free Dog Runs, New YMCA is Directly Across the Street, Nine Foot Ceilings/Vaulted Ceilings on Top Floors, On-Site Car Wash, Patio or Balcony, Private Conference Room, Responsive, On-Site Management, Swimming Pool and Sun Deck, Valet Recycling, Walking/Jogging Path, Pool/Clubhouse Wi-Fi, On-Site Property Manager, Recycling Program, Online Services, Social Events, Pet Park, Car Care Center, Flex Space, Café, Meeting Center, Courtyard, BBQ Grill, Picnic Area, Waterfront, Pond, Bicycle Storage, Multi-Use Trails, High Speed Internet, Washer/Dryer, Washer/Dryer Hookup, A/C, Heating, Ceiling Fans, Smoke Free, Wired for Cable, Bathtub/Shower, Sprinkler System, Wheelchair Accessible, Dishwasher, Garbage Disposal, Ice Machine, Pantry, Kitchen with Island, Dine-In Kitchen, Kitchen, Microwave, Oven, Stove, Refrigerator, Freezer, Eat-In Kitchen, Carpeting, Vinyl Flooring, Family Room, Vaulted Ceiling, Room with Views, Walk-In Closets, Linen Closet, Energy-Efficient Windows, Window Coverings, Balcony, Patio, Deck, BBQ Area, Outdoor Grill"
Skyline Tower_3b3b,3,3,2995,"50 "" flat screen TV, Granite Countertops, LEED certified Green, Stainless Steel Appliances, Yoga Room, Controlled Access, On-Site Maintenance, Fitness Center, Tennis Court, High Speed Internet, Washer/Dryer, Dishwasher, Garbage Disposal, Microwave, Stove, Refrigerator, Wood Flooring"
1008 S. Fourth_4b4b,4,4,970,"Adjacent To The U of I Ice Arena, Hammocks, INTERNET, WATER, SEWER & TRASH INCLUDED IN RENT!, Modern sectional couches, Near Dunkin' Donuts, Panera Bread & Starbucks, Near Presence Covenant Medical Center & Champaign County Health Care, Near University of Illinois, Near Walgreens & CVS Pharmacy-Photo, Outdoor Recreation Area With Grills, Hammocks & Fireplaces, Resource Furniture, ROOF TOP TERRACE, Smart TVs in all apartments, Smart TV's In All Apartments, Stainless Steel Appliances, STEPS FROM ALL OF YOUR CLASSES!, Walk-In Tiled Showers, Community Wi-Fi Available, Pool/Clubhouse Wi-Fi, Controlled Access, On-Site Maintenance, On-Site Property Manager, Security System, Video Patrol, Available 24/7, Clubhouse, Flex Space, Gated, Rooftop Access, Courtyard, BBQ Grill, Picnic Area, Fitness Center, Cardio Machines, Free Weight Equipment, Weightlifting Equipment, Swimming Pool, Bicycle Storage, Washer/Dryer, A/C, Heating, Smoke Free, Wired for Cable, Double Vanities, Fireplace, Sprinkler System, Dishwasher, Garbage Disposal, Ice Machine, Granite Counters, Stainless Steel Appliances, Kitchen with Island, Kitchen, Microwave, Oven, Stove, Refrigerator, Freezer, Carpeting, Room with Views, Furnished, Accent Walls, Balcony, Deck, BBQ Area, Outdoor Grill"
Hessel on the Park_2b1.5b,2,1.5,900,"Nature Trail, Self-Service Laundry, On-Site Maintenance, On-Site Property Manager, Pet Park, Picnic Area, Fitness Center, Swimming Pool, Playground, Volleyball Court, High Speed Internet, Washer/Dryer, A/C, Heating, Smoke Free, Storage Units, Bathtub/Shower, Dishwasher, Garbage Disposal, Kitchen, Oven, Stove, Refrigerator, Carpeting"
512 Green_4b3b,4,3,799,"Self-Service Laundry, Controlled Access, Security System, Furnished Apartments, On-Site Shopping, Washer/Dryer, Dishwasher, Granite Counters, Stainless Steel Appliances, Kitchen, Microwave, Oven, Stove, Refrigerator, Wood Flooring, Ceramic Tile Flooring, Furnished, Window Coverings"
Latitude Apartments_4b4b,4,4,860,"24 hour coffee shop, 24 hour study lounges, A pool house complete with showers, Arcade, Cabana tree houses, Chef-Inspired Kitchens, Club House, Club Latitude with indoor gaming WIFI, Coworking lounge, Crossfit gym, Designer Home Furnishings, Fitness On Demand Room, Garage parking, General Terrace, Hammerhead Coffee with an artisan blend, Heated pool, Individual Leases, Macs and PCs With Free Printing, Memory Foam Queen Beds, Modern High Rise Tree-Houses, On-Site Maintenance, Pool House, Pool Tables, video games, arcade games, Private Bed and Bathrooms, Relaxation rooftop terrace, Reserved parking, Rooftop Deck with Grill & Fire Pits, State of the Art Fitness Center, Study Desks in each oom, Study Desks in Each Room, Study Space, Study Terrace, Surface level and covered parking, Tailgate rooftop terrace, UAVE CrossFit, Wood Look Flooring, Zagster bike sharing, Zagster: Bike Sharing Available On Site, Pool/Clubhouse Wi-Fi, Controlled Access, On-Site Property Manager, Concierge, Available 24/7, Furnished Apartments, Social Events, Elevator, Business Center, Clubhouse, Complimentary Breakfast, Executive Housing, Tanning Salon, Gated, Yard with Fence, Courtyard, Fitness Center, Cardio Machines, Free Weight Equipment, Weightlifting Equipment, Sauna, Spa, Swimming Pool, Gaming Areas, Washer/Dryer, A/C, Heating, Wired for Cable, Dishwasher, Garbage Disposal, Dine-In Kitchen, Kitchen, Microwave, Oven, Refrigerator, Wood Flooring, Ceramic Tile Flooring, Decorative Crown Molding, Vaulted Ceiling"
112 Green_4b2b,4,2,739,"Furnished Apartments, Washer/Dryer, A/C, Heating, Ceiling Fans, Wired for Cable, Dishwasher, Stainless Steel Appliances, Kitchen, Microwave, Oven, Stove, Refrigerator, Wood Flooring"
907 Third_4b2b,4,2,2860,"Furnished Apartments, Business Center, Lounge, Courtyard, High Speed Internet, Washer/Dryer, A/C, Heating, Dishwasher, Garbage Disposal, Stainless Steel Appliances, Kitchen, Microwave, Oven, Stove, Refrigerator, Wood Flooring"
205 E University Ave_4b2b,4,2,2800,"On-Site Shopping, Flex Space, Fitness Center, A/C, Heating, Kitchen, Oven, Refrigerator"
609 S. Randolph_4b4b,4,4,450,"Roommate matching up to 3 people available, Package Service, Furnished Apartments, Curbside Trash Pickup, Recycling Program, High Speed Internet, Washer/Dryer, A/C, Smoke Free, Wired for Cable, Wheelchair Accessible, Dishwasher, Microwave, Oven, Stove, Freezer, Balcony"
Tuscany Cove_3b1b,3,1,675,"Utilites NOT INCLUDED, Package Service, Self-Service Laundry, On-Site Maintenance, On-Site Property Manager, Spanish-Speaking, Curbside Trash Pickup, Gated, Sundeck, Fitness Center, Swimming Pool, High Speed Internet, Washer/Dryer, A/C, Ceiling Fans, Smoke Free, Bathtub/Shower, Dishwasher, Garbage Disposal, Stove, Refrigerator, Window Coverings, Patio"
Smith Apartments @ 201 East Armory_2b1b,2,1,515,"All NEW Flooring!, Assigned underground parking - $70/month, Furnished, Laundry facilities on site., Plank flooring available, Secured Building Entrance, Self-Service Laundry, Controlled Access, Video Patrol, Available 24/7, Furnished Apartments, Recycling Program, Courtyard, High Speed Internet, A/C, Heating, Smoke Free, Wired for Cable, Bathtub/Shower, Intercom System, Dishwasher, Garbage Disposal, Kitchen, Microwave, Oven, Stove, Refrigerator, Freezer, Wood Flooring, Carpeting, Furnished, Accent Walls, Balcony"
Garden Court Apartments_2b1.5b,2,1.5,595,"Friendly and Caring Owners, Italian Ceramic Floors, Only 5 miles to U of I Quad, Peaceful and Private, Quick Freeway Access, Self-Service Laundry, On-Site Maintenance, On-Site Property Manager, Gated, Courtyard, High Speed Internet, A/C, Heating, Ceiling Fans, Dishwasher, Kitchen, Oven, Refrigerator, Carpeting, Ceramic Tile Flooring, Walk-In Closets"
Smith Apartments @ 53 East Chalmers_2b2b,2,2,775,"48"" flat screen TV, 48"" Television, 9 foot Ceilings, Assigned covered parking $70/month, Assigned uncovered parking - $50/month, Cherry Cabinetry, corian counters, Elevator, FOB and remote entry system, glass tile backsplash, Quality upgrades throughout, Secure Building, Smooth Cooktop, Vaulted ceilings available, Controlled Access, Security System, Video Patrol, Available 24/7, Furnished Apartments, Recycling Program, Elevator, High Speed Internet, Washer/Dryer, A/C, Heating, Ceiling Fans, Smoke Free, Wired for Cable, Alarm System, Bathtub/Shower, Intercom System, Wheelchair Accessible, Dishwasher, Garbage Disposal, Ice Machine, Stainless Steel Appliances, Kitchen with Island, Kitchen, Microwave, Oven, Stove, Refrigerator, Freezer, Wood Flooring, Carpeting, Ceramic Tile Flooring, Vaulted Ceiling, Skylight, Linen Closet, Furnished, Accent Walls, Balcony, Patio"
201 West Green Street - BRAND NEW_2b2b,2,2,1450,"55"" FLAT SCREEN TV IN LIVING ROOM, 9 Foot Ceilings Throughout, Balcony in some units, Building entry with FOB Key Access, Ceiling Fans in Bedrooms and Living Room, Dark Wood Cabinetry, Fully Furnished Apartments, Granite Counter Tops, High Speed Fiber Internet Included, Plenty of Onsite Parking, Walking Distance to Campus, Furnished Apartments, High Speed Internet, Washer/Dryer, Washer/Dryer Hookup, Dishwasher, Stainless Steel Appliances, Oven, Stove, Refrigerator"
Mattis North Apartments_3b1b,3,1,760,"Self-Service Laundry, On-Site Property Manager, Recycling Program, High Speed Internet, A/C, Heating, Smoke Free, Wired for Cable, Kitchen, Oven, Refrigerator, Ceramic Tile Flooring"
101 E Green St_4b1.5b,4,1.5,399,"Amenities Pass To 309 Green - $10/Mo, Self-Service Laundry, On-Site Maintenance, Furnished Apartments, High Speed Internet, A/C, Smoke Free, Wired for Cable, Wheelchair Accessible, Dishwasher, Kitchen, Microwave"
Twin Oaks Apartments_1b1b,1,1,575,"ACROSS THE STREET FROM PARKLAND COLLEGE, Fiber Optic Internet for $25 a month!, Free Golf Membership at Legends for 2017, Laundry Rooms on site!, Self-Service Laundry, On-Site Maintenance, Available 24/7, Curbside Trash Pickup, Picnic Area, High Speed Internet, A/C, Heating, Ceiling Fans, Wired for Cable, Bathtub/Shower, Dishwasher, Dine-In Kitchen, Kitchen, Microwave, Oven, Stove, Refrigerator, Carpeting, Vaulted Ceiling, Walk-In Closets, Linen Closet"
Wellington Place Apartments_3b1.5b,3,1.5,1100,"Fiber Optic Internet for $25 Monthly Fee, Free Golf Membership At Legends For 2017, Washer/Dryer Hook-Ups in All Town Homes, Washer/Dryer in all 1 & 2 bedroom Units, On-Site Maintenance, On-Site Property Manager, Spanish-Speaking, Available 24/7, Recycling Program, Fitness Center, Cardio Machines, Free Weight Equipment, Weightlifting Equipment, High Speed Internet, Washer/Dryer, Washer/Dryer Hookup, A/C, Heating, Ceiling Fans, Wired for Cable, Storage Units, Bathtub/Shower, Fireplace, Dishwasher, Garbage Disposal, Pantry, Kitchen with Island, Dine-In Kitchen, Kitchen, Microwave, Oven, Stove, Refrigerator, Carpeting, Basement, Vaulted Ceiling, Linen Closet, Energy-Efficient Windows, Balcony, Patio"
"Hessel Park Centre Apts - JSJ, INC_2b1b",2,1,925,"1/2 block from Hessel Park, Basic cable/internet included in rent, Free cable/internet, Fully furnished apartments, Heating, Key Entry Building, New carpet/leather furniture in Aug '15, Owner pays basic cable/internet & garbag, Spacious, pet friendly and smoke free, Washer and dryer in each unit, Controlled Access, Available 24/7, High Speed Internet, Washer/Dryer, A/C, Heating, Smoke Free, Wired for Cable, Storage Units, Bathtub/Shower, Banisters, Intercom System, Sprinkler System, Wheelchair Accessible, Dishwasher, Garbage Disposal, Pantry, Kitchen, Microwave, Oven, Stove, Refrigerator, Wood Flooring, Carpeting, Vinyl Flooring, Dining Area, Basement, Office, Den, Attic Space, Built-In Bookshelves, Furnished, Energy-Efficient Windows, Window Coverings, Accent Walls, Balcony, Patio, Porch, Yard, Lawn"
Carisbrooke Apartments_2b1.5b,2,1.5,825,"Across the Street From Marketplace Mall, Lake View Apartments Available, Vaulted Ceilings, On-Site Maintenance, On-Site Property Manager, Lounge, Sundeck, Access to Lake, Fitness Center, Swimming Pool, High Speed Internet, Washer/Dryer, A/C, Ceiling Fans, Smoke Free, Wired for Cable, Satellite TV, Fireplace, Wheelchair Accessible, Dishwasher, Garbage Disposal, Microwave, Stove, Refrigerator, Carpeting, Room with Views"
1702 Maynard Dr_3b1.5b,3,1.5,975,"Washer/Dryer Hookup, Smoke Free"
611 Crescent Dr_1b1b,1,1,650,"Self-Service Laundry, Smoke Free"
210 W Washington St_4b2b,4,2,1225,"Washer/Dryer, Smoke Free"
308 E Clark St_4b2b,4,2,2295,"Washer/Dryer, Smoke Free, Furnished"
1119 Plymouth Dr_1b1b,1,1,795,"Washer/Dryer, Smoke Free"
605 S 4th St_0b1b,0,1,595,Self-Service Laundry
310 E Chalmers St_2b1b,2,1,975,Self-Service Laundry
107 E Daniel St_4b2b,4,2,1295,"Self-Service Laundry, Smoke Free, Furnished"
107 S Wright St_3b1b,3,1,1475,"Self-Service Laundry, Furnished"
202 W Columbia Ave_1b1b,1,1,849,"Self-Service Laundry, Smoke Free"
801 S 4th St_2b1b,2,1,1050,"Self-Service Laundry, Smoke Free, Furnished"
1012 S 1st St_2b1b,2,1,935,"Self-Service Laundry, Furnished"
605 S 4th St_2b1b,2,1,995,"Self-Service Laundry, Smoke Free, Furnished"
107 S Wright St_5b2b,5,2,2299,"Self-Service Laundry, Smoke Free, Furnished"
202 W Columbia Ave_2b1b,2,1,1150,"Self-Service Laundry, Smoke Free"
208 W Washington St_4b2b,4,2,1825,Washer/Dryer
1119 Plymouth Dr_2b2b,2,2,995,"Washer/Dryer, Stainless Steel Appliances, Walk-In Closets"
1012 S 1st St_2b1b,2,1,935,"Self-Service Laundry, Furnished"
107 S Wright St_3b1b,3,1,1475,"Self-Service Laundry, Smoke Free, Furnished"
202 W Columbia Ave_2b1b,2,1,1125,Self-Service Laundry
310 E Chalmers St_2b1b,2,1,1025,Self-Service Laundry
107 S Wright St_0b1b,0,1,621,"Self-Service Laundry, Furnished"
202 W Columbia Ave_1b1b,1,1,901,Self-Service Laundry
107 E Daniel St_4b2b,4,2,1295,Self-Service Laundry
107 E Daniel St_4b2b,4,2,1295,"Self-Service Laundry, Furnished"
107 E Daniel St_4b2b,4,2,1295,"Self-Service Laundry, Furnished"
506 E White St_2b1b,2,1,1140,"Self-Service Laundry, Smoke Free, Furnished"
506 E White St_3b1b,3,1,1272,"Self-Service Laundry, Smoke Free, Furnished"
805 S Locust St_4b1b,4,1,395,"Washer/Dryer Hookup, Smoke Free, Furnished"
805 S Locust St_4b1b,4,1,395,"Washer/Dryer Hookup, Smoke Free, Furnished"
750 Sedgegrass Dr_3b2.5b,3,2.5,1595,Washer/Dryer
2401 Clayton Blvd_1b1b,1,1,829,"Washer/Dryer, Furnished"
1516 Stonebluff Ct_3b2.5b,3,2.5,1690,Washer/Dryer
2401 Clayton Blvd_0b1b,0,1,699,Washer/Dryer
756 Sedgegrass Dr_3b2.5b,3,2.5,1595,Washer/Dryer
1518 Greyrock Ln_3b2.5b,3,2.5,1690,Washer/Dryer
1404 Cobblestone Way_3b2.5b,3,2.5,1690,Washer/Dryer
752 Sedgegrass Dr_3b2.5b,3,2.5,1595,Washer/Dryer
1515 W Kirby Ave_2b1.5b,2,1.5,699,Self-Service Laundry
1204 W Bradley Ave_3b1b,3,1,750,Washer/Dryer
2401 Clayton Blvd_2b2b,2,2,1195,Washer/Dryer
410 E Park St_5b5b,5,5,1750,Washer/Dryer
1001 N Walnut St_4b3b,4,3,1200,Washer/Dryer
210 E Park St_4b3b,4,3,1920,Washer/Dryer
1515 W Kirby Ave_2b1.5b,2,1.5,699,Self-Service Laundry
735 S Mattis Ave_3b1.5b,3,1.5,895,Washer/Dryer
622 W Clark St_2b1b,2,1,795,Self-Service Laundry
1801 W John St_3b1.5b,3,1.5,995,Washer/Dryer
116 N Walnut St_2b1b,2,1,1275,Washer/Dryer
2006 Parkdale Dr_3b1b,3,1,1015,Washer/Dryer
1831 Parkdale Dr_3b1.5b,3,1.5,940,Washer/Dryer
1402 Myrtle Beach Ave_3b2.5b,3,2.5,1690,"Washer/Dryer Hookup, Smoke Free"
1106 Hickory St_4b2.5b,4,2.5,1050,Washer/Dryer
2405 Lawndale Dr_3b1b,3,1,1095,"Washer/Dryer Hookup, Smoke Free"
1513 W Kirby Ave_3b1.5b,3,1.5,799,Self-Service Laundry
1406 Bluegrass Ln_4b2.5b,4,2.5,1225,"Washer/Dryer, Fireplace, Kitchen, Wood Flooring, Basement, Yard"
503 E Springfield Ave_1b1b,1,1,790,"Washer/Dryer, Wheelchair Accessible, Furnished"
507 W Kirby Ave_5b1.5b,5,1.5,1900,"Furnished Apartments, Washer/Dryer, Smoke Free"
503 E Springfield Ave_2b2b,2,2,1198,"Washer/Dryer, Furnished"
1615 Bassett Ln_4b3.5b,4,3.5,1700,Washer/Dryer
1308 Grandview Dr_1b1b,1,1,635,Self-Service Laundry
207 E Healey St_1b1b,1,1,465,"Smoke Free, Furnished"
107 E John St_1b1b,1,1,565,"Self-Service Laundry, Furnished"
105 E John St_1b1b,1,1,645,"Self-Service Laundry, Smoke Free, Furnished"
110 E John St_1b1b,1,1,715,"Washer/Dryer, Smoke Free, Furnished"
57 E Healey St_0b1b,0,1,495,"Self-Service Laundry, Smoke Free, Furnished"
1308 Grandview Dr_1b1b,1,1,605,Washer/Dryer
1407 Rosewood Dr_3b1b,3,1,1065,"Washer/Dryer, Smoke Free"
502 E Springfield Ave_3b2.5b,3,2.5,1575,"Washer/Dryer, Furnished"
305 Birch St_1b1b,1,1,650,Self-Service Laundry
301 S 4th St_2b2b,2,2,1140,"Washer/Dryer, Furnished"
307 Birch St_1b1b,1,1,595,Self-Service Laundry
1208 S Elm Blvd_2b1b,2,1,905,Washer/Dryer Hookup
310 Avondale Ave_2b1b,2,1,975,Washer/Dryer Hookup
502 E Springfield Ave_3b2.5b,3,2.5,1770,"Washer/Dryer, Furnished"
502 E Springfield Ave_3b2b,3,2,1575,"Washer/Dryer, Wheelchair Accessible, Furnished"
2606 Sheridan Dr_3b2b,3,2,1075,Washer/Dryer
501 Mitchell Ct_1b1b,1,1,570,Self-Service Laundry
502 E Springfield Ave_3b2.5b,3,2.5,1575,"Washer/Dryer, Furnished"
305 Birch St_1b1b,1,1,650,Self-Service Laundry
311 Birch St_1b1b,1,1,565,"Self-Service Laundry, Recycling Program"
709 W Green St_4b2b,4,2,1600,"Washer/Dryer, Furnished"
901 S 2nd St_4b2b,4,2,2400,"Washer/Dryer, Furnished"
2002 Blackthorn Dr_2b1.5b,2,1.5,1000,Washer/Dryer
610 S Mattis Ave_2b1b,2,1,865,Washer/Dryer
606 S Mattis Ave_1b1b,1,1,550,Self-Service Laundry
606 S Mattis Ave_2b1b,2,1,800,"Self-Service Laundry, Fireplace"
1106 Maplepark Dr_3b2b,3,2,1280,"Washer/Dryer, Smoke Free"
603 E Clark St_1b1b,1,1,760,"Washer/Dryer, A/C, Smoke Free, Dishwasher, Garbage Disposal, Microwave, Furnished"
612 Ventura Rd_3b1b,3,1,1300,Washer/Dryer
906 S Locust St_2b1b,2,1,975,"Self-Service Laundry, Furnished"
705 S 1st St_3b1b,3,1,1185,"Washer/Dryer, Furnished"
705 S 1st St_3b1.5b,3,1.5,1185,"Self-Service Laundry, Furnished"
705 S 1st St_4b2b,4,2,1320,"Self-Service Laundry, Furnished"
908 S Locust St_1b1b,1,1,595,"Self-Service Laundry, Furnished"
101 E Daniel St_4b2b,4,2,438,"Washer/Dryer, Smoke Free, Furnished"
1616A Maynard Dr_3b1.5b,3,1.5,975,"Washer/Dryer Hookup, Smoke Free"
211 W Columbia Ave_3b1b,3,1,925,"Washer/Dryer, Ceiling Fans, Smoke Free, Kitchen, Dining Area"
1603 W John St_3b2.5b,3,2.5,1150,Washer/Dryer
708 W Springfield Ave_2b1b,2,1,640,"Self-Service Laundry, Smoke Free"
108 W Charles St_1b1b,1,1,580,"Self-Service Laundry, Smoke Free"
803 W Springfield Ave_1b1b,1,1,640,"Self-Service Laundry, Smoke Free, Furnished"
311 S Prairie St_2b2b,2,2,590,"Self-Service Laundry, Smoke Free"
Healey Street_2b1b,2,1,650,"Self-Service Laundry, Front Door Trash Pickup, Recycling Program, High Speed Internet, A/C, Heating, Ceiling Fans, Smoke Free, Storage Units, Stove, Balcony"
Anthony Drive_1b1b,1,1,550,"Huge living room and bedroom, Self-Service Laundry, Curbside Trash Pickup, Front Door Trash Pickup, High Speed Internet, A/C, Heating, Ceiling Fans, Smoke Free, Storage Units, Kitchen, Oven, Stove, Refrigerator"
Prairie Place_2b1b,2,1,620,"Self-Service Laundry, Recycling Program, A/C, Heating, Ceiling Fans, Garbage Disposal, Stove"
State Street_1b1b,1,1,640,"Self-Service Laundry, Recycling Program, A/C, Heating, Ceiling Fans, Stove, Wood Flooring, Carpeting"
211 Springfield Apartments_2b1b,2,1,695,"Fixed rate water payment, Gated, Heating, Stove"
Colonial South_1b1b,1,1,595,"Recycling Program, A/C, Heating, Kitchen, Stove"
Clark Street House_1b1b,1,1,780,"Washer/Dryer, A/C, Heating, Fireplace, Dishwasher, Stove, Skylight, Deck"
Healey Townhomes_2b2.5b,2,2.5,910,"Self-Service Laundry, A/C, Heating, Fireplace, Dishwasher, Garbage Disposal, Stove, Patio"
Green Street_2b1b,2,1,750,"Beautiful trees, Carport included, Central A/C for the Cedar, Close to U of I campus, Credit Cards Accepted, eChecks Accepted, Fixed rate water payment, Free garbage removal, Free guest parking lot, Recycling, Well-built brick construction, Self-Service Laundry, Recycling Program, Gated, High Speed Internet, A/C, Heating, Smoke Free, Dishwasher, Stove"
Clark Street_2b1b,2,1,640,"Apartment Has Two Window A/C's, Gas & Electricity Included (On Select Units), Self-Service Laundry, Recycling Program, High Speed Internet, A/C, Heating, Ceiling Fans, Smoke Free, Kitchen, Oven, Stove, Refrigerator"
Stoneleigh Court_2b1.5b,2,1.5,760,"Gated, Heating, Storage Units, Garbage Disposal, Stove, Skylight, Balcony"
2511 Leeper Dr_2b1b,2,1,730,Dishwasher
2513 Leeper Dr_2b1b,2,1,740,"Washer/Dryer, Washer/Dryer Hookup, Dishwasher"
503 S Locust St_4b3b,4,3,4500,A/C
25 E John St_4b4b,4,4,4800,"Washer/Dryer Hookup, A/C, Wired for Cable, Dishwasher, Garbage Disposal, Microwave, Refrigerator, Wood Flooring, Basement"
1013 S 1st St_4b4b,4,4,5600,"Washer/Dryer, Washer/Dryer Hookup, A/C, Wired for Cable, Dishwasher, Garbage Disposal, Microwave, Stove, Refrigerator, Wood Flooring, Basement"
707 S 1st St_3b2b,3,2,2250,"Washer/Dryer, A/C, Wired for Cable, Dishwasher, Garbage Disposal, Microwave, Stove, Refrigerator, Wood Flooring"
101 E Chalmers St_5b4b,5,4,9000,"Washer/Dryer Hookup, A/C, Wired for Cable, Dishwasher, Garbage Disposal, Microwave, Stove, Refrigerator, Wood Flooring, Basement"
31 E John St_4b4b,4,4,4000,"Washer/Dryer, Washer/Dryer Hookup, A/C, Wired for Cable, Dishwasher, Garbage Disposal, Microwave, Stove, Refrigerator, Wood Flooring, Basement"
33 E John St_4b4b,4,4,4950,"Washer/Dryer, Washer/Dryer Hookup, A/C, Wired for Cable, Dishwasher, Garbage Disposal, Microwave, Stove, Refrigerator, Wood Flooring, Basement"
1004 S 1st St_4b4b,4,4,4900,"Washer/Dryer, Washer/Dryer Hookup, A/C, Wired for Cable, Dishwasher, Garbage Disposal, Microwave, Stove, Refrigerator, Wood Flooring, Basement"
609 S State St_3b2b,3,2,1350,"Washer/Dryer Hookup, Wired for Cable, Microwave, Stove, Refrigerator, Wood Flooring"
1801 Lynwood Dr_2b1b,2,1,820,"Washer/Dryer Hookup, A/C, Wired for Cable, Stove, Refrigerator, Yard"
919 W Harvard St_2b1b,2,1,625,"Washer/Dryer Hookup, Stove, Refrigerator"
1211 N Walnut St_2b1b,2,1,650,"Wired for Cable, Stove, Refrigerator"
1604 Coronado Dr_1b1b,1,1,485,"A/C, Wired for Cable, Stove, Refrigerator, Wood Flooring"
1711 W John St_2b1b,2,1,615,"Wired for Cable, Stove, Refrigerator"
208 S Prospect Ave_3b1.5b,3,1.5,1200,"Washer/Dryer Hookup, A/C, Fireplace, Dishwasher, Microwave, Refrigerator, Wood Flooring"
1411 Greenbriar Dr_2b1b,2,1,720,"Washer/Dryer Hookup, A/C, Stove, Refrigerator, Wood Flooring"
16 Colony W Dr_2b1.5b,2,1.5,975,"Swimming Pool, Washer/Dryer Hookup, A/C, Dishwasher, Stove, Refrigerator, Wood Flooring"
709 Bethume Ct_4b1b,4,1,950,"Washer/Dryer Hookup, A/C, Stove, Refrigerator, Wood Flooring"
310 Cedar St_1b1b,1,1,725,"A/C, Dishwasher, Stove, Refrigerator"
824 W Harvard St_2b1b,2,1,725,"Wired for Cable, Stove, Refrigerator, Wood Flooring"
1902 Nancy Ct_2b1b,2,1,650,"A/C, Dishwasher, Stove, Refrigerator, Wood Flooring"
501 W Green St_1b1b,1,1,595,"Stove, Refrigerator"
1012 W Eureka St_4b1.5b,4,1.5,700,"A/C, Stove, Refrigerator, Wood Flooring"
826 W Harvard St_2b1b,2,1,675,"Washer/Dryer Hookup, A/C, Wired for Cable, Stove, Refrigerator"
1901 Nancy Ct_2b1.5b,2,1.5,850,"A/C, Dishwasher, Stove, Refrigerator, Wood Flooring"
1901 Nancy Ct_2b1.5b,2,1.5,850,"Washer/Dryer Hookup, A/C, Dishwasher, Stove, Refrigerator, Wood Flooring"
1601 Valley Rd_2b1b,2,1,725,"Self-Service Laundry, Extra Storage, Fitness Center, Swimming Pool, Washer/Dryer Hookup, A/C, Wired for Cable, Dishwasher, Stove, Refrigerator"
1809 Valley Rd_2b1b,2,1,800,"Self-Service Laundry, Extra Storage, Fitness Center, Swimming Pool, A/C, Wired for Cable, Dishwasher, Stove, Refrigerator"
1786 Valley Rd_2b1.5b,2,1.5,925,"Self-Service Laundry, Extra Storage, Fitness Center, Swimming Pool, Washer/Dryer Hookup, A/C, Wired for Cable, Dishwasher, Stove, Refrigerator, Yard"
1815 Valley Rd_2b1b,2,1,800,"Self-Service Laundry, Extra Storage, Fitness Center, Swimming Pool, A/C, Wired for Cable, Dishwasher, Stove, Refrigerator"
1703 Valley Rd_2b1b,2,1,800,"Self-Service Laundry, Extra Storage, Fitness Center, Swimming Pool"
1616 Valley Rd_2b1.5b,2,1.5,900,"Self-Service Laundry, Extra Storage, Fitness Center, Swimming Pool, Washer/Dryer Hookup, A/C, Wired for Cable, Dishwasher, Stove, Refrigerator, Yard"
1605 Valley Rd_2b1b,2,1,750,"Self-Service Laundry, Extra Storage, Fitness Center, Swimming Pool, A/C, Wired for Cable, Dishwasher, Stove, Refrigerator, Wood Flooring"
1723 Valley Rd_2b1b,2,1,825,"Self-Service Laundry, Extra Storage, Fitness Center, Swimming Pool, A/C, Wired for Cable, Dishwasher, Stove, Refrigerator"
1811 Valley Rd_2b1b,2,1,800,"Self-Service Laundry, Extra Storage, Fitness Center, Swimming Pool, Dishwasher"
1811 Valley Rd_2b1b,2,1,850,"Self-Service Laundry, Extra Storage, Fitness Center, Swimming Pool"
1611 Valley Rd_2b1b,2,1,725,"Self-Service Laundry, Extra Storage, Fitness Center, Swimming Pool, A/C, Wired for Cable, Dishwasher, Stove, Refrigerator"
1733 Valley Rd_2b1b,2,1,800,"Self-Service Laundry, Extra Storage, Fitness Center, Swimming Pool, A/C, Dishwasher, Stove, Refrigerator"
1831 Valley Rd_2b1b,2,1,800,"Self-Service Laundry, Extra Storage, Fitness Center, Swimming Pool, A/C, Dishwasher, Stove, Refrigerator"
1733 Valley Rd_2b1b,2,1,825,"Self-Service Laundry, Extra Storage, Fitness Center, Swimming Pool, Dishwasher"
1626 Valley Rd_2b1.5b,2,1.5,875,"Self-Service Laundry, Extra Storage, Fitness Center, Swimming Pool"
1676 Valley Rd_2b1.5b,2,1.5,875,"Self-Service Laundry, Extra Storage, Fitness Center, Swimming Pool, Washer/Dryer Hookup, A/C, Wired for Cable, Dishwasher, Stove, Refrigerator, Yard"
1603 Valley Rd_2b1b,2,1,750,"Self-Service Laundry, Extra Storage, Fitness Center, Swimming Pool, Washer/Dryer Hookup, A/C, Wired for Cable, Dishwasher, Stove, Refrigerator"
1823 Valley Rd_2b1b,2,1,800,"Self-Service Laundry, Extra Storage, Fitness Center, Swimming Pool, A/C, Wired for Cable, Dishwasher, Stove, Refrigerator"
1703 Valley Rd_2b1b,2,1,825,"Self-Service Laundry, Extra Storage, Fitness Center, Swimming Pool, A/C, Wired for Cable, Dishwasher, Stove, Refrigerator"
1622 Valley Rd_2b1.5b,2,1.5,900,"Self-Service Laundry, Extra Storage, Fitness Center, Swimming Pool, Washer/Dryer Hookup, A/C, Wired for Cable, Dishwasher, Stove, Refrigerator, Yard"
1609 Valley Rd_2b1b,2,1,700,"Self-Service Laundry, Extra Storage, Fitness Center, Swimming Pool, Washer/Dryer Hookup, A/C, Wired for Cable, Stove, Refrigerator"
1720 Valley Rd_2b1.5b,2,1.5,875,"Self-Service Laundry, Extra Storage, Fitness Center, Swimming Pool, Washer/Dryer Hookup, Microwave, Refrigerator, Yard"
1605 Valley Rd_2b1b,2,1,775,"Self-Service Laundry, Extra Storage, Fitness Center, Swimming Pool, A/C, Wired for Cable, Dishwasher, Stove, Refrigerator"
1735 Valley Rd_2b1b,2,1,825,"Self-Service Laundry, Extra Storage, Fitness Center, Swimming Pool"
1650 Valley Rd_2b1.5b,2,1.5,900,"Self-Service Laundry, Extra Storage, Fitness Center, Swimming Pool, Washer/Dryer Hookup, Wired for Cable, Stove, Refrigerator, Yard"
1609 Valley Rd_2b1b,2,1,775,"Self-Service Laundry, Extra Storage, Fitness Center, Swimming Pool, A/C, Wired for Cable, Dishwasher, Stove, Refrigerator"
1613 Valley Rd_2b1b,2,1,725,"Self-Service Laundry, Extra Storage, Fitness Center, Swimming Pool"
1718 Valley Rd_2b1.5b,2,1.5,875,"Self-Service Laundry, Extra Storage, Fitness Center, Swimming Pool, Washer/Dryer Hookup, Refrigerator, Yard"
1656 Valley Rd_2b1.5b,2,1.5,875,"Self-Service Laundry, Extra Storage, Fitness Center, Swimming Pool"
1732 Valley Rd_2b1.5b,2,1.5,900,"Self-Service Laundry, Extra Storage, Fitness Center, Swimming Pool, Washer/Dryer Hookup, A/C, Wired for Cable, Dishwasher, Stove, Refrigerator, Yard"
1711 Valley Rd_2b1b,2,1,800,"Self-Service Laundry, Extra Storage, Fitness Center, Swimming Pool, Dishwasher"
1701 Valley Rd_2b1b,2,1,825,"Self-Service Laundry, Extra Storage, Fitness Center, Swimming Pool, A/C, Wired for Cable, Dishwasher, Stove, Refrigerator"
56 E Healey St_1b1b,1,1,615,"A/C, Furnished"
308 1/2 E Clark St_4b2.5b,4,2.5,750,"Washer/Dryer, A/C, Dishwasher, Furnished"
305 E White St_3b1b,3,1,317,"A/C, Dishwasher, Furnished"
308 1/2 E Clark St_8b5b,8,5,750,"Washer/Dryer, A/C, Dishwasher, Furnished"
2600 W John St_3b2b,3,2,1300,A/C
1507 Harrington Dr_3b2b,3,2,1350,"A/C, Dishwasher"
2001 S Mattis Ave_2b1b,2,1,760,"A/C, Dishwasher"
1807 Lynwood_2b1b,2,1,800,"Washer/Dryer, A/C"
305 S Prairie St_4b2b,4,2,1525,"Washer/Dryer, Dishwasher"
310 W Washington St_2b1b,2,1,745,A/C
811 Ventura Rd_3b2b,3,2,1225,"A/C, Dishwasher"
210 Brookwood Dr_2b1b,2,1,750,"Washer/Dryer Hookup, Wired for Cable, Stove, Refrigerator, Wood Flooring, Yard"
5 Villard Ct_2b1b,2,1,725,"Washer/Dryer Hookup, A/C, Wood Flooring"
407 W White_2b1b,2,1,750,"A/C, Dishwasher"
301 S Garfield Ave_3b1b,3,1,850,"Self-Service Laundry, Wired for Cable, Stove, Refrigerator"
1212 Centennial Dr_3b1b,3,1,820,"A/C, Wired for Cable, Dishwasher, Stove, Refrigerator, Yard"
906 N Willis Ave_3b1b,3,1,895,"Washer/Dryer Hookup, Stove, Refrigerator, Wood Flooring"
303 S 5th St_4b4b,4,4,820,"Controlled Access, On-Site Maintenance, Security System, Furnished Apartments, Secured Parking Area, Elevator, High Speed Internet, Wi-Fi, Washer/Dryer, A/C, Heating, Ceiling Fans, Smoke Free, Wired for Cable, Intercom System, Dishwasher, Garbage Disposal, Granite Counters, Stainless Steel Appliances, Microwave, Oven, Stove, Refrigerator, Wood Flooring, Ceramic Tile Flooring, Skylight, Walk-In Closets, Furnished, Balcony, Patio"
314 E Clark St_3b3b,3,3,750,"On-Site Maintenance, Furnished Apartments, High Speed Internet, Wi-Fi, Washer/Dryer, A/C, Heating, Ceiling Fans, Smoke Free, Wired for Cable, Bathtub/Shower, Intercom System, Decorative Mirrors, Dishwasher, Garbage Disposal, Granite Counters, Stainless Steel Appliances, Kitchen, Microwave, Oven, Stove, Refrigerator, Wood Flooring, Ceramic Tile Flooring, Furnished, Loft-Style Apartment, Balcony"
Lincolnshire Townhomes_2b1b,2,1,830,"Laundry Facitlity, Self-Service Laundry, Available 24/7, Courtyard, BBQ Grill, Picnic Area, Washer/Dryer, Washer/Dryer Hookup, A/C, Heating, Ceiling Fans, Smoke Free, Wired for Cable, Bathtub/Shower, Dishwasher, Garbage Disposal, Kitchen, Oven, Stove, Refrigerator, Freezer, Patio, Yard, Lawn, Garden"
48 E John St_4b2b,4,2,800,"High Speed Internet, A/C, Smoke Free, Dishwasher, Microwave, Balcony, Patio"
Burnham310_3b3b,3,3,835,"10-Foot Ceilings, Full-Service Grocery On Site, Fully Renovated Apartments For Fall 2017, Oversized Windows, Scooter Storage, The Only Pet-Friendly High-Rise In town, Wireless Two-Story Atrium Lounges, Package Service, Controlled Access, On-Site Property Manager, Furnished Apartments, On-Site Shopping, Recycling Program, Elevator, Clubhouse, Tanning Salon, Fitness Center, Bicycle Storage, Activity Center, Theater/Media Center, High Speed Internet, Wi-Fi, Washer/Dryer, A/C, Heating, Smoke Free, Wired for Cable, Bathtub/Shower, Sprinkler System, Wheelchair Accessible, Dishwasher, Ice Machine, Granite Counters, Stainless Steel Appliances, Dine-In Kitchen, Kitchen, Microwave, Oven, Stove, Refrigerator, Freezer, Wood Flooring, Carpeting, Furnished"
606 E White St_3b3b,3,3,780,"Controlled Access, On-Site Maintenance, Elevator, High Speed Internet, Wi-Fi, Washer/Dryer, A/C, Heating, Ceiling Fans, Smoke Free, Wired for Cable, Bathtub/Shower, Intercom System, Decorative Mirrors, Dishwasher, Garbage Disposal, Granite Counters, Stainless Steel Appliances, Kitchen, Microwave, Oven, Refrigerator, Wood Flooring, Ceramic Tile Flooring, Furnished, Loft-Style Apartment, Balcony"
Campus Center_4b1b,4,1,370,"Washer/Dryer, Dishwasher, Garbage Disposal, Granite Counters"
106 E Armory Ave_4b3b,4,3,2800,"Washer/Dryer, Dishwasher, Granite Counters, Stainless Steel Appliances, Microwave, Refrigerator, Balcony"
51 E Green St_2b1b,2,1,1160,"High Speed Internet, Washer/Dryer, A/C, Smoke Free, Dishwasher, Microwave, Balcony, Patio"
Champaign House_3b1.5b,3,1.5,799,"Self-Service Laundry, Pet Park, Picnic Area, Fitness Center, Swimming Pool, High Speed Internet, A/C, Smoke Free, Dishwasher, Kitchen, Oven, Refrigerator, Balcony"
The Tower at 3rd_2b1b,2,1,699,"Self-Service Laundry, On-Site Property Manager, Courtesy Patrol, Furnished Apartments, Social Events, Business Center, Tanning Salon, Fitness Center, Activity Center, High Speed Internet, Washer/Dryer, A/C, Smoke Free, Wired for Cable, Sprinkler System, Wheelchair Accessible, Dishwasher, Microwave, Stove"
UIUC Campustown - 515 Bash_3b1.5b,3,1.5,549,"Heating, Kitchen, Oven, Stove"
Lando Place_2b1b,2,1,1090,"High Speed Internet, Washer/Dryer, Ceiling Fans, Dishwasher, Garbage Disposal, Kitchen, Microwave"
208-210 E White St_3b1b,3,1,899,"Self-Service Laundry, Heating, Dishwasher, Kitchen, Oven, Refrigerator"
HERE Apartments_4b4b,4,4,839,"*GUS Modern Furniture, 24/7 Valet Parking Garage, 32"" TVs in BR - Penthouse Levels, 50"" Flat Screen TVs, 50"" SMART TVs in LR- Penthouse Levels, 50"" TVs - Living Space of Every Unit, Bike Storage, BOWLING ALLEY, Club and Game Room, Euro-Style Cabinetry, Extended Cable Pkg - Incl: HBO, Big 10, Fitness Center with Cardio, Weight and Crossfit Training Equipment, Glass Shower, Glass Shower/Tub Doors, Golf Simulator, Granite Countertops, Gus* Modern Furniture, Hardwood Style Floors, Hardwood-Style Floors, Independent Study Rooms, Individual Leases, In-Unit Washer/Dryers, Modern, Designer Plumbing and Lighting Fixtures, Movie Theater, Onsite Management, Oversize Hot Tub & Sauna, Secure Electronic Fob Access, Social Cafe- Coffee Lounge, Stainless Steel Appliances, State-of-the-Art Fitness Center, Study Lounge and Individual Study Rooms, Tanning Beds - Stand-up & Laydown, Tiled Shower Walls and Bathroom Floors, Tiled Shower Walls/Floor, Walk to Class: 87/100 Walkscore, Package Service, Community Wi-Fi Available, Controlled Access, On-Site Maintenance, On-Site Property Manager, Security System, Concierge, Courtesy Patrol, Video Patrol, Available 24/7, Furnished Apartments, ATM Banking, Recycling Program, Renters Insurance Program, Online Services, LEED Certification, Energy Star Certified, Social Events, Secured Parking Area, Elevator, Business Center, Clubhouse, Lounge, Flex Space, Trash Chutes, Café, Meeting Center, Executive Housing, Tanning Salon, Rooftop Access, Sundeck, Courtyard, BBQ Grill, Picnic Area, Fitness Center, Fitness Plans, Workout Center, Cardio Machines, Free Weight Equipment, Weightlifting Equipment, Sauna, Bicycle Storage, Putting Greens, Gaming Areas, Theater/Media Center, High Speed Internet, Wi-Fi, Washer/Dryer, A/C, Heating, Smoke Free, Bathtub/Shower, Intercom System, Sprinkler System, Wheelchair Accessible, Dishwasher, Garbage Disposal, Ice Machine, Granite Counters, Stainless Steel Appliances, Kitchen with Island, Kitchen, Microwave, Oven, Stove, Refrigerator, Freezer, Wood Flooring, Ceramic Tile Flooring, Recreation Room, Vaulted Ceiling, Room with Views, Linen Closet, Loft-Style Apartment, Energy-Efficient Windows, Window Coverings, Accent Walls, BBQ Area, Outdoor Grill"
Douglass Square Apartments_1b1b,1,1,590,"Self-Service Laundry, On-Site Property Manager, Clubhouse, Playground, A/C, Heating, Dishwasher, Kitchen, Oven, Carpeting"
808 S Oak St_4b2b,4,2,0,
205 S 6th St_4b2b,4,2,0,
Midway_3b1b,3,1,1980,"High Speed Internet, Washer/Dryer, A/C, Heating, Granite Counters, Stainless Steel Appliances, Oven, Refrigerator"
Illini Manor_1b1b,1,1,1445,"Self-Service Laundry, Furnished Apartments, Recycling Program, BBQ Grill, Wi-Fi, A/C, Granite Counters, Carpeting"
107 E Springfield Ave_4b2b,4,2,2995,"Self-Service Laundry, Fitness Center, High Speed Internet, A/C, Smoke Free, Dishwasher, Microwave, Balcony"
408 E Healey St_4b2b,4,2,2995,"Elevator, High Speed Internet, Washer/Dryer, A/C, Smoke Free, Dishwasher, Kitchen, Microwave, Stove, Balcony, Patio"
Skylight Court_3b2b,3,2,9000,"24-Hour Emergency Maintenance, Central A/C, Intercoms, Stainless Steel Appliances, On-Site Maintenance, Elevator, High Speed Internet, Washer/Dryer, A/C, Ceiling Fans, Intercom System, Dishwasher, Microwave, Wood Flooring, Window Coverings, Balcony"
309 Green_4b2b,4,2,1445,"Community Wi-Fi Available, Controlled Access, On-Site Property Manager, Door Attendant, Courtesy Patrol, Furnished Apartments, Elevator, Clubhouse, Fitness Center, Spa, Swimming Pool, Bicycle Storage, High Speed Internet, Wi-Fi, Washer/Dryer, A/C, Heating, Smoke Free, Wired for Cable, Wheelchair Accessible, Dishwasher, Garbage Disposal, Ice Machine, Granite Counters, Stainless Steel Appliances, Dine-In Kitchen, Kitchen, Microwave, Refrigerator, Wood Flooring, Balcony"
Park Place Tower_4b2.5b,4,2.5,1445,"Beautiful Furnishings, Ceramice top stoves and designer counterrops, Custom Bath, Expansive Windows, Jacuzzi tub, Controlled Access, On-Site Property Manager, Security System, Video Patrol, Available 24/7, Recycling Program, High Speed Internet, Washer/Dryer, A/C, Smoke Free, Sprinkler System, Dishwasher, Garbage Disposal, Granite Counters, Kitchen, Microwave, Stove, Refrigerator, Balcony"
1107 S 2nd St_4b2b,4,2,1445,"24-Hour Emergency Maintenance, Central A/C and Heat, Ceramic Cooktop Stoves, Designer Countertops, Intercoms, Microhood, On-Site Maintenance, High Speed Internet, A/C, Heating, Intercom System, Dishwasher, Microwave, Oven, Stove, Window Coverings"
316 Cedar_2b1b,2,1,1445,"Self-Service Laundry, A/C"
503 E Springfield_2b2b,2,2,1445,"Washer/Dryer, A/C, Dishwasher, Garbage Disposal"
202 E Chalmers St_4b3b,4,3,1980,"Self-Service Laundry, Available 24/7, Furnished Apartments, High Speed Internet, A/C, Smoke Free, Dishwasher, Microwave, Oven, Refrigerator, Bay Window, Balcony, Patio"
Armory Place_4b2b,4,2,2995,"Self-Service Laundry, High Speed Internet, A/C, Smoke Free, Dishwasher, Microwave, Bay Window, Balcony"
57 E Chalmers St_4b2b,4,2,2995,"Self-Service Laundry, A/C, Dishwasher, Microwave, Balcony, Patio"
213 W Green St_2b2b,2,2,1445,"High Speed Internet, Washer/Dryer, Bathtub/Shower, Stainless Steel Appliances, Balcony"
903-909 S Locust St_4b2b,4,2,1445,"Self-Service Laundry, A/C, Dishwasher, Microwave, Balcony, Patio"
UIUC Campustown - 309 Daniel_4b1b,4,1,1445,"Heating, Bathtub/Shower, Kitchen, Oven, Stove"
505 E Healey St_5b2b,5,2,1445,"Controlled Access, Washer/Dryer"
Green Street Towers_4b4b,4,4,1445,"Security System, Furnished Apartments, Recycling Program, Elevator, Lounge, Courtyard, Fitness Center, High Speed Internet, Washer/Dryer, A/C, Bathtub/Shower, Dishwasher, Garbage Disposal, Ice Machine, Granite Counters, Kitchen, Microwave, Oven, Refrigerator, Carpeting, Ceramic Tile Flooring, Balcony, Patio"
507 E Clark St_1b1b,1,1,1445,
408 E Stoughton St_2b1b,2,1,1980,
201 E Healey St_4b2b,4,2,1445,
312 W Washington St_2b1b,2,1,1980,
Chalmers Manor_2b1b,2,1,1980,Washer/Dryer
314 E White St_3b2b,3,2,1445,"Community Wi-Fi Available, On-Site Maintenance, Furnished Apartments, Elevator, Washer/Dryer, Ceiling Fans, Satellite TV, Dishwasher, Garbage Disposal, Granite Counters, Microwave, Refrigerator, Ceramic Tile Flooring, Balcony"
Park Place_2b2b,2,2,0,"Curbside Trash Pickup, Gated, High Speed Internet, Washer/Dryer, A/C, Smoke Free, Alarm System, Wheelchair Accessible, Dishwasher, Garbage Disposal, Balcony, Patio"
Loft 59_4b2.5b,4,2.5,1445,"Washer/Dryer, A/C, Wheelchair Accessible, Dishwasher, Garbage Disposal, Microwave, Balcony"
204 S Fifth_3b2b,3,2,1445,"Controlled Access, Elevator, High Speed Internet, Wi-Fi, Washer/Dryer, Ceiling Fans, Satellite TV, Dishwasher, Garbage Disposal, Granite Counters, Microwave, Oven, Stove, Refrigerator, Ceramic Tile Flooring, Balcony"
1103 Euclid St_5b2b,5,2,9000,"Self-Service Laundry, Washer/Dryer, Heating, Kitchen, Oven, Refrigerator"
107 E Healey St_1b1b,1,1,1445,"Self-Service Laundry, Available 24/7, High Speed Internet, A/C, Heating, Smoke Free, Wired for Cable, Microwave, Oven, Refrigerator"
105 S Wright St_4b2b,4,2,1980,"Available 24/7, Furnished Apartments, High Speed Internet, A/C, Heating, Smoke Free, Dishwasher, Microwave, Oven, Refrigerator, Balcony"
105 E John St_2b1b,2,1,1445,
Country Brook Apartments_3b2.5b,3,2.5,0,"A/C, Heating, Wheelchair Accessible, Kitchen"
202 E John St_6b2b,6,2,2995,
The Avenue Court_1b1b,1,1,1445,"Washer/Dryer, A/C, Heating, Ceiling Fans, Dishwasher, Garbage Disposal, Kitchen"
408 Springfield_4b2b,4,2,2995,"High Speed Internet, Washer/Dryer, A/C, Smoke Free, Dishwasher, Microwave, Balcony"
The Quarters_2b1b,2,1,1445,"Controlled Access, Elevator, Wi-Fi, Washer/Dryer, A/C, Heating, Smoke Free, Wheelchair Accessible, Dishwasher, Kitchen"
54 E John St_5b1b,5,1,2995,
Green Street Apartments_2b1b,2,1,1445,
Inman Place_2b1b,2,1,1980,"Self-Service Laundry, Available 24/7, Fitness Center"
The Suites at Third_4b4b,4,4,1980,"Controlled Access, On-Site Property Manager, Video Patrol, Furnished Apartments, Elevator, Business Center, Clubhouse, Flex Space, Courtyard, Fitness Center, Cardio Machines, Bicycle Storage, Washer/Dryer, Washer/Dryer Hookup, Heating, Ceiling Fans, Wired for Cable, Bathtub/Shower, Dishwasher, Garbage Disposal, Ice Machine, Kitchen, Microwave, Oven, Stove, Refrigerator, Wood Flooring, Walk-In Closets"
203 S 4th St_4b3b,4,3,2995,"Controlled Access, A/C, Ceiling Fans, Intercom System, Wheelchair Accessible, Dishwasher, Microwave"
501 E University Ave_3b2b,3,2,1445,"On-Site Shopping, Fitness Center, Washer/Dryer, Dishwasher, Granite Counters, Stainless Steel Appliances, Microwave"
Providence at Sycamore Hills_3b2b,3,2,0,"Business Center, Clubhouse, Fitness Center, Washer/Dryer, A/C, Heating, Ceiling Fans, Bathtub/Shower, Dishwasher, Kitchen, Oven, Refrigerator, Carpeting, Dining Area, Walk-In Closets"
212 E White St_2b1b,2,1,1445,"Self-Service Laundry, Furnished Apartments, A/C, Microwave"
608 E White St_3b1.5b,3,1.5,1980,"Self-Service Laundry, A/C, Dishwasher, Microwave, Balcony, Patio"
608 E Chalmers St_4b1b,4,1,1445,"Self-Service Laundry, Furnished Apartments, A/C, Dishwasher, Microwave, Bay Window, Balcony, Patio"
404 E Clark St_3b1b,3,1,2995,"Self-Service Laundry, A/C, Dishwasher, Kitchen, Microwave, Stove, Refrigerator, Balcony, Patio"
505 South First_4b2b,4,2,1980,"On-Site Maintenance, Washer/Dryer, A/C, Ceiling Fans, Dishwasher, Refrigerator"
103 E Chalmers St_4b2b,4,2,1980,"Kitchen, Stove, Refrigerator"
301 E Chalmers_4b2b,4,2,1445,"Washer/Dryer, A/C, Dishwasher, Kitchen, Microwave, Stove, Refrigerator, Balcony, Patio"
510 E White St_4b2b,4,2,1445,"Self-Service Laundry, A/C, Dishwasher, Microwave"
312 E White St_3b2b,3,2,1980,"2 Blocks from UIUC Engineering Campus, 24 Hour Emergency Maintenance, Close to grocery shopping, Flat Screen TV, Granite Countertops, Modern Furniture package, Secure entry, Stainless Appliances, Elevator, Washer/Dryer"
308 E Armory Ave_4b2b,4,2,2995,"Self-Service Laundry, Curbside Trash Pickup, Recycling Program, High Speed Internet, Washer/Dryer, Heating, Smoke Free"
Oakwood Trace_3b1.5b,3,1.5,1445,"On-Site Maintenance, Curbside Trash Pickup, Front Door Trash Pickup, Clubhouse, Flex Space, Courtyard, Playground, High Speed Internet, Washer/Dryer Hookup, A/C, Smoke Free, Wired for Cable, Wheelchair Accessible, Dishwasher, Room with Views, Balcony, Patio"
Illini Tower_4b2b,4,2,2995,"2 Flat Screen Televisions, 24 hr. game room, Flexible dining options, Free Wi-Fi, Group study table with projector screen, Laundry View service with smart text and online notification capabilities, Media and gaming lounges on every floor, Moveable study lounge walls to customize your study sessions, Offering the best food on campus, On-site movie screening room (seats 24), Ping Pong Table, Pool Table, Quick check kiosks in lobby, Quiet music room to play the piano or another instrument, Shuffle Board, Student printer, Study cubes, Study lounge with PCs and Macs, Wide variety of food options including a salad bar, Cable TV included, Free WiFi access, Package Service, Self-Service Laundry, Controlled Access, On-Site Maintenance, On-Site Property Manager, Door Attendant, Furnished Apartments, Housekeeping, Elevator, Lounge, Sundeck, BBQ Grill, Fitness Center, Free Weight Equipment, Swimming Pool, Activity Center, Theater/Media Center, Wi-Fi, A/C, Heating, Wired for Cable, Double Vanities, Bathtub/Shower, Wheelchair Accessible, Garbage Disposal, Dine-In Kitchen, Microwave, Stove, Refrigerator, Carpeting, Ceramic Tile Flooring, Vinyl Flooring, Walk-In Closets, Window Coverings, Balcony"
Bankier Apartments_4b2b,4,2,0,"Self-Service Laundry, Clubhouse, Sundeck, Fitness Center, Swimming Pool"
615 W Kirby Ave_4b2b,4,2,0,"High Speed Internet, Washer/Dryer, A/C, Smoke Free"
